industry,accident_count,risk_ratio,weight
전체,147130,0.12,1.0
금융및보험업,663,0.004506219,1.002253109
광업,2444,0.01661116,1.00830558
제조업,32847,0.223251546,1.111625773
전기.가스.증기.수도사업,112,0.000761232,1.000380616
건설업,36059,0.24508258,1.12254129
운수창고.통신업,17709,0.120362944,1.060181472
임업,1002,0.006810304,1.003405152
어업,42,0.000285462,1.000142731
농업,759,0.005158703,1.002579352
서비스업,12000,0.08,1.03
기타의사업,55493,0.37716985,1.188584925